대분류	중분류	제시	정답	인정답안	보조	YouTube URL	시작초	길이	이미지파일명	문제텍스트	힌트1	힌트2	힌트3	출처	제목스포	난이도	추천자	비고
SOUND	TV 프로그램	AUDIO	무한도전	무도	MBC 2006~2018 오프닝 시그널 · 2006~2018									MBC		하		[공통] 검색: 무한도전 시그널
SOUND	TV 프로그램	AUDIO	1박 2일	1박2일	KBS 시그널 · 2007~									KBS		하		[공통] 검색: 1박2일 시그널
SOUND	TV 프로그램	AUDIO	런닝맨		SBS 시그널 · 2010~									SBS		하		[공통] 검색: 런닝맨 오프닝 시그널
SOUND	TV 프로그램	AUDIO	나 혼자 산다	나혼산	MBC 시그널 · 2013~									MBC		하		[공통] 검색: 나혼자산다 시그널
SOUND	TV 프로그램	AUDIO	신서유기		tvN 시그널 · 2015~2020									tvN		중		[공통] 검색: 신서유기 시그널
SOUND	TV 프로그램	AUDIO	출발 드림팀	출발드림팀, 드림팀	KBS 시그널 · 1999~2016									KBS		하		[남팀 강세] 검색: 출발 드림팀 시그널 · 강철부대(2021, 범위 밖) 대체
SOUND	TV 프로그램	AUDIO	하트시그널		채널A 시그널 · 2017~									채널A		중		[여팀 강세] 검색: 하트시그널 시그널
SOUND	TV 프로그램	AUDIO	환승연애	환연	티빙 시그널 · 2021~ (범위 밖)									티빙		중		[여팀 강세] 검색: 환승연애 시그널 · 2021 범위 밖 — 교체 후보 우리 결혼했어요(2008~2017) 시그널 듣고 결정
SOUND	TV 프로그램	AUDIO	개그콘서트	개콘	KBS 엔딩 시그널(Part-Time Lover 연주) · 1999~2020									KBS		하		[공통] 검색: 개그콘서트 엔딩 음악 · 제목 안 들림
SOUND	TV 프로그램	AUDIO	인간극장		KBS 시그널 · 2000~									KBS		중		[공통] 검색: 인간극장 시그널 · 예능은 아니지만 시그널이 유명
SOUND	TV 프로그램	AUDIO	동물농장	TV 동물농장	SBS 시그널 · 2001~									SBS		하		[공통] 검색: TV 동물농장 오프닝
SOUND	TV 프로그램	AUDIO	위기탈출 넘버원	위기탈출	KBS 오프닝 시그널 · 2005~2016									KBS		하		[공통] 검색: 위기탈출 넘버원 오프닝
SOUND	TV 프로그램	AUDIO	VJ 특공대	VJ특공대, 브이제이 특공대	KBS 오프닝 시그널(테크노) · 2000~2016									KBS		하		[공통] 검색: VJ특공대 시그널 · "VJ 특공대!" 외침 직전 컷
SOUND	TV 프로그램	AUDIO	세상에 이런 일이	순간포착 세상에 이런 일이, 세상에 이런일이	SBS 오프닝 시그널 · 1998~									SBS		하		[공통] 검색: 세상에 이런일이 오프닝
SOUND	TV 프로그램	AUDIO	그것이 알고 싶다	그알	SBS 오프닝 시그널 · 1992~									SBS		하		[공통] 검색: 그것이 알고싶다 시그널
SOUND	TV 프로그램	AUDIO	도전 골든벨	골든벨	KBS 오프닝·골든벨 BGM · 1999~2020									KBS		중		[공통] 검색: 도전 골든벨 시그널 · 오프닝 또는 골든벨 울릴 때 BGM 중 택1
SOUND	TV 프로그램	AUDIO	전국노래자랑		KBS 시작 사운드(오프닝 가사엔 제목 들림 → 시작 효과음으로) · 1980~									KBS		하		[공통] 검색: 전국노래자랑 오프닝 · MC 가 시작 사운드 클립 확보 예정, 제목 들리는 구간 제외
SOUND	TV 프로그램	AUDIO	가족오락관		KBS 오프닝 시그널·딩동댕 · 1984~2009									KBS		중		[공통] 검색: 가족오락관 오프닝 · 2009 종료라 최연소(2001년생) 기준 확인
SOUND	TV 프로그램	AUDIO	무릎팍도사	황금어장 무릎팍도사	MBC 도사 등장 시그널·효과음 · 2007~2013									MBC		중		[공통] 검색: 무릎팍도사 오프닝 · 제목이 바로 들리면 제외
SOUND	TV 프로그램	AUDIO	해피투게더	해투	KBS 쟁반노래방 시절 시작 시그널 · 2001~2020									KBS		중		[공통] 검색: 해피투게더 쟁반노래방 오프닝 · 시즌1 원곡(Happy Together) 은 제목 들림 → 쟁반노래방 코너 시작 사운드 확인
SOUND	CM송	AUDIO	새우깡		농심 '손이 가요 손이 가' · 1988									농심		하		[공통] 검색: 새우깡 CM송 · 브랜드명 직전에서 끊기(길이 열)
SOUND	CM송	AUDIO	동원참치	동원, 동원 참치	"차~암치, 이건 맛의 대참치" 참치송 조정석·손나은 · 가사에 "참치"만 있고 "동원"은 안 나옴 · 2019									동원		하		[공통] 검색: 동원참치 참치송 조정석 손나은 2019 · 통째로 틀어도 됨 — "참치"는 힌트일 뿐, 회사명을 말해야 정답
SOUND	CM송	AUDIO	이마트	emart	"Happy Talk"(남태평양) 편곡 로고송 · 랄랄라·해피해피만 반복하다 마지막에 브랜드 · 1998									이마트		중		[공통] 검색: 이마트 CM송 해피 · 브랜드 나오기 직전까지 — 거의 통째로 됨
SOUND	CM송	AUDIO	초코파이 정	초코파이, 오리온 초코파이	오리온 "말하지 않아도 알아요" — 가사에 브랜드 없음 · 1989									오리온		하		[공통] 검색: 초코파이 정 CM송 말하지 않아도 · 통째로 틀어도 됨
SOUND	CM송	AUDIO	짜파게티	농심 짜파게티	농심 "일요일엔 내가 요리사" · 1984 출시(카피 연도 미확인)									농심		하		[공통] 검색: 짜파게티 CM송 일요일엔 · 브랜드명이 중간에 나오므로 "일요일엔 내가" 까지만
SOUND	CM송	AUDIO	팔도 비빔면	비빔면, 팔도비빔면	팔도 "오른손으로 비비고 왼손으로 비비고" · 1984									팔도		하		[공통] 검색: 팔도비빔면 CM송 오른손으로 비비고 · 브랜드명 직전에서 끊기(길이 열)
SOUND	CM송	AUDIO	신라면	농심 신라면	농심 "사나이 울리는" · 1986									농심		중		[공통] 검색: 신라면 CM송 사나이 울리는 · 브랜드명 직전에서 끊기(길이 열)
SOUND	CM송	AUDIO	자일리톨	롯데 자일리톨, 자일리톨 껌	롯데 "휘바 휘바" · 2000년대 초									롯데		중		[공통] 검색: 자일리톨 휘바 CM송 · "휘바휘바" 까지만
SOUND	CM송	AUDIO	유한킴벌리		"우리강산 푸르게 푸르게" — 가사에 브랜드 없음 · 1984 캠페인									유한킴벌리		상		[공통] 검색: 우리강산 푸르게 푸르게 CM송 · 통째로 틀어도 됨
SOUND	CM송	AUDIO	너구리	농심 너구리	농심 "오동통통 쫄깃쫄깃" · 1982 출시									농심		하		[공통] 검색: 너구리 CM송 오동통통 · 브랜드가 바로 이어져 컷이 짧음 — "오동통통 쫄깃쫄깃" 까지
SOUND	CM송	AUDIO	우루사	대웅 우루사	대웅제약 "간 때문이야" 차두리 · 2011									대웅제약		하		[공통] 검색: 우루사 간 때문이야 광고 · 브랜드명 직전에서 끊기(길이 열)
SOUND	CM송	AUDIO	맥도날드	맥날, 맥도널드	"빠라빠빠빠" I'm lovin' it — 가사에 브랜드 없음 · 2003									맥도날드		하		[공통] 검색: 맥도날드 빠라빠빠빠 징글 · 통째로 틀어도 됨
SOUND	CM송	AUDIO	판피린	동아 판피린	동아제약 "감기 조심하세요" · 1960년대 말부터 쓰는 카피									동아제약		중		[공통] 검색: 판피린 감기 조심하세요 CM송 · 브랜드명 직전에서 끊기(길이 열)
SOUND	CM송	AUDIO	콘푸로스트	켈로그 콘푸로스트, 켈로그	켈로그 "호랑이 기운이 솟아나요" · 1988 도입, 1990년대									농심켈로그		중		[공통] 검색: 콘푸로스트 호랑이 기운이 솟아나요 · 브랜드가 앞에 나오면 뒷부분만
SOUND	CM송	AUDIO	S-OIL	에쓰오일, 에스오일	"좋은 기름이니까" 구도일 · 2012~									S-OIL		중		[공통] 검색: 에쓰오일 좋은 기름이니까 광고 · 브랜드명 직전에서 끊기(길이 열)
SOUND	CM송	AUDIO	SK텔레콤	SKT, 생각대로 T, 되고송	"되고 되고 되고" 되고송 — 가사에 브랜드 없음 · 2008									SK텔레콤		중		[공통] 검색: 되고송 생각대로 T · 통째로 틀어도 됨
SOUND	CM송	AUDIO	던킨도너츠	던킨	"커피 앤 도넛" 이병헌 · 2001~2003									던킨		중		[공통] 검색: 던킨도너츠 커피앤도넛 광고 2003 · "커피 앤 도넛" 까지
